text,sentiment
barang kemas bagus kurir ok,positive
mantap suara,positive
fungsi baik moga awet,positive
lumayan harga segitu suara,positive
ok,positive
kotak pernh buka liat riview nya dmana kotak bepelastik untung barang aman,neutral
terima kirim cepat kualitas oke,positive
dicharge belum coba kirim cepat,positive
lumayan nyata tws nya,positive
fungsi baik normal suara kategori lumayan moga awet,positive
dok charger nya dah tidak bisa cas cepat mati,negative
ok si harga gin lumayan suara,positive
tidak sesuai pesan,negative
pesan terima baik,positive
packing aman alhamdulillah langsung cas angka coba suara enak jernih sesuai file putar lumayan,positive
terima kasih barang terima baik,positive
barang kondisi aman packing rapih barang kualitas suara hasil tidak kecewa pokok tidak sesal beli barang,positive
barang original,positive
produk original rekomended jual,positive
barang sesuai foto mantap,positive
mantap barang nya,positive
alhamdulillah paket selamat moga manfaat,positive
headsetnya susah dimatiin jari charging dock tws nya kalo gerak dikit otomatis nyala headset charging dock nya yaah,negative
trm kasih respon cepat barang smpi aman moga sukses,positive
packing aman rapi tws fungsi baik terima kasih jual tokopedia,positive
packing aman barang oke fungsi suara dar keras bass nya nendang barang original harga jangkau koneksi android lancar,positive
packing rapih kualitas suara oke tidak sumber jual responsif kurir cepat terima kasih,positive
barang sesuai terima kasih tidak foto dah bawa anak ku,positive
bagus tidak nyesal beli kirim cepat barang tidak rusak mantap dehh,positive
suara kadang hilang kanan mati,negative
barang fungsi mesti,positive
lumayan kadang bunyi kresek,positive
barang pesan biji kirim hati toko tipu tipu toko,negative
beli suara ngebass gilir beli suara kering,neutral
barang mantap,positive
packing rapi,positive
mantap jiwa cepat,positive
kelazzz,positive
sesuai harga ringkih,positive
wireless headset bagus suara ngebas jernih suara telinga ku toko amanah terima kasih and kurir terima kasih bang and lu,positive
keren murah bagus,positive
barang tidak sesuai beli beda type f belum coba tidak bisa nyalain tidak sisa daya mudah an bisa,positive
barang sesuai pesan alhamdulillah fungsi baik,positive
sesuai harga kualitas bagus,positive
bagus kualitas nya olahraga,positive
kirim cepat pesan besok suara lumayan harga murah,positive
mantap barang,positive
suara bagus sinyal suka hilang an,positive
baik,positive
salah bisa dengerin nya,negative
sesuai deskripsi fungsi normal moga awet,positive
barang bagus suara bagus quality bagus fungsi bagus beli,positive
alhamdulillahh sesuai pesan mantap,positive
bisa pas hubung hape tidak bisa media bisa salah hadeh,neutral
oke panas,positive
suara nya dominan kiri,neutral
kualitas bagus ekspedisi,positive
barang headset belah kiri gaada suara,neutral
terima kasih,positive
harga gin harga suara lumayan bagus bassnya mantabss,positive
mantap,positive
minus kadang suka putus maklum harga gin oke kualitas suara bagus,positive
emas cepat kirim cepat packing rapi,positive
suara jernih ngebass lumayan,positive
lumayan oke,positive
suara mantap kalo dipake telinga sakit,neutral
alhamdulillah barang udah fungsi mesti terima kasih jual,positive
terima kasih kak barang bagus udah terima baik kirim cepat toko amanah kurir baik,positive
beli kali jual respon cepat produk fungsi baik kirim sesuai estimasi moga jual sukses,positive
tidak fungsi,negative
pas kali coba suara belah kanan kok tidak pair seblah kiri alhasil belah kanan tidak suara coba masukin bluetooth nya,positive
lumayan sesuai harga,positive
kado kotak cacat cacat packing udah bubble,positive
barang terima sesuai pesan stlh pakai daya tahan baterai bt hny jam isi ulang tidak terang bt kiri kanan busa pakai semb,positive
moga awet,positive
packing rapi,neutral
packing ok kirim ok barang sesuai pesan fungsi baik,positive
notbad harga segitu lumayan awet baterai headset,positive
sesuai pesan,positive
baterai awet mantap,positive
mati belah chat gagg respon,negative
kualitas suara std baterai tidak thn lm cepat drop plg lm menit,neutral
muas mksih,positive
bagus harga harga gin,positive
harga sesuai kualitas,positive
mantap,positive
baterai durasi cepat habis oke suara mantap utama bassnya asa kirim cepat langsung,positive
keren bagus pokok,positive
barang bagus kualitas suara baguus,positive
barang oke mantap belum coba jual amanah kurir bagus job,positive
barang sesuai respon cepat kirim,positive
bagus suara lumayan,positive
mamtul juragan,positive
bagus nyaman telinga,positive
barang tidak gue pesan power bank kirim,negative
amanah kualitas cepat,positive
rusak belah,negative
lumayan murah kwaalitas ok,positive
ok barang ka terima kasih ka,positive
harga harga segitu suara lumayan kirim cepat sat set tidak nyesal,positive
mantap toko langgan tidak kecewa,positive
kirim cepat packing baik kualitas audio oke harga staging luas enak quality sesuai harga baterai awet,positive
keren packaginya tipis dus penyet,positive
barang bagus kepake aman,positive
alhamdulillah barang fitur kerja baik suara lumayan harga ribu moga headsetnya bisa awet,positive
barang original,positive
packing aman baterai tahan slot usb bisa power bank suara ok,positive
pakai belah kanan kadang kemresek kadang tidak volume mentok,positive
barang belum terima tidak tau kualitas nya,negative
kecewa barang tidak sesuai gambar,negative
barang udah coba bagus suara enak moga aja tahan,positive
detail pesan pesan bukan catat tulis kirim tetep aja kalo barang tidak hapus aja kirim,negative
sila belanja toko ok,positive
sesuai harga belah kiri tidak suara,positive
mantbss,positive
barang twsnya kanan pas tidak cek,negative
sesuai pesan moga kuat awet terima kasih,positive
terima kasih mantap,positive
kilat,positive
barang ok sesuai pesan mantap mantap mantap,positive
mantap sesuai pesan recomended jual,positive
barang terima charge full battery nya drop cepat tidak pakai kualitas muas,negative
bagus,positive
kirim cepat mantap,positive
mantap,positive
kualitas fisik sesuai harga kadang putus suara notif keras bingung nurunin volume notifnya buku tidak lengkap kualitas suara,positive
packing aman tws fungsi display led tws bagus suara standar sayang headsetnya telinga,positive
barang nya bagus,positive
ken beli tidak duit,positive
cepat respon cepat jual,positive
sesuai,positive
ok,positive
mantap bang sip barang lower middle class is bagus,positive
barang terima tes suara volume,neutral
bedentummm,positive
barang sesuai katalog fungsi baik,positive
barang oke bagus pokok,positive
toko amanah percaya kasi tokcer produk sesuai pesan lumayan harga low end suara jernih layar sentuh cuman rada equali,positive
ok,positive
packing rapi kualitas bagus suara mantap,positive
barang oke nyata headsetnya lumayan,positive
barang original,positive
lubang soundnya belah kiri belah bad qc,neutral
bagus suara bagus,positive
barang mudah bawa mudah jual super ramah,positive
tidak nyala,neutral
maaf telat kasih ulas buka belum coba,positive
sesuai mudah an awet,positive
bagus kirim sesuai belah kanan connectkan bunyi nging nging menggangu sukses,neutral
beli fungsi baik,positive
bagus,positive
barang oke,positive
sesuai harga,positive
barang original fungsi baik,positive
barang terima baik bagus fungsi baik deskripsi testing jarak meter fungsi bagus terima kasih,positive
barang ok cuman mic nya gadak harga harga segitu mic ponsel ku oke redmi note nih bos senggol,positive
ok mantap saking mantap nya pinjam kawan tidak kawan tidak da akhlak,positive
mantap,positive
produk sesuai gambar bisa baik oke moga awet sukses toko terima kasih,positive
mantap bos,positive
toko baik,positive
biar tidak ribet kabel tws bisa alternatif kualitas suara masuk lumayan harga gin coba pakai jam baterai kuat iri,positive
barang mantap fungsi terima kasih tokopedia,positive
barang lumayan bagus sesuai gambar,positive
yap mantap bet kak,positive
bisa powerbank nelpon enak tidak tllu bising,positive
packing aman fungsi baik,positive
mantap,positive
headsetnya eror kakak maaf,neutral
suara mantap barang sesuai gambar kirim lumayan cepat packing baterai moga awet tidak gampang drop,positive
maaf min kasih ulas ad pesnan kost kurir nya ad hubung emas rapi kirim cepat recomended nieh toko aja nya,positive
coba fungsi baik sayang udah beli bubble bungkus bungkus kirain tebal,positive
terima kasih tws keren,positive
baik poko,positive
bagus fungsi baik,positive
harga jangkau jual responsif,positive
soundnya bagus,positive
lumayan harga segitu,positive
mantap,positive
terima kasih barang cepat tahan tidak kalo dengar musik kiri nya moga awet,positive
keren si harga murah fungsi,positive
puas tws harga minim tws standar,positive
cocok pas,positive
mati belah sesuai harga sih belum cek kualitas suara tidak sih,neutral
barang aman,positive
fungsi baik,positive
packing nya aman sesuai estimasi nya sesuai deskripsi suara nya oke buku pandu nya moga bisa tahan,positive
produk fungsi baik desain nyaman terima kasih,positive
disambungin patah suara stabil overal oke saran beli tambahin aplikasi booster volume,positive
bagus kirim cepat harga harga gin nyaman pas dipake,positive
headset kanan kiri tidak connect ponsel salah suara nya kanan kiri dicharge full,negative
bagus udah moga awet,positive
packingnya,neutral
barang oke produk sesuai deskripsi kirim lumayan cepat admin respon cepat,positive
barang slmt,positive
simple pas pakai telp,positive
barang oke fungsi baik,positive
ok kasih bintang buku pandu sesuai benda nya buku pandu kok tidak sesuai sih kalo fungsi alhamdulillah baik,positive
lucu ribu tws nyata kerja fiturnya kayak tombol sentuh kadang ganggu pencet masuk google oke bentuk,positive
alhamdulillah barang bagus alam belanja toko tumben beli headset bluetooth butuh ajar dik bisa hubung terima kasih,positive
suara gemeresik,positive
jujur percaya review youtube percaya tidak sangka nyata suara bagus si deh liat awet,positive
ok fungsi,positive
pesan hitam putih,positive
batang sesuai deskripsi bagus,positive
headset belah kiri cocok masuk telinga ganti ukur bagus,positive
barang cepat,positive
emas lihat bagus buka kotak produk penyok kualitas barang tidak bagus lihat harga,neutral
packing nya mantap kualitss suara lumayan bagus sesuai,positive
layan oke transaksi langsung proses kirim cepat produk sesuai deskripsi belum coba,positive
sesuai ekspektasi gaesss kirim pilih ongkir reguler hehehhe liat foto rekomendasi gaess,positive
produk sesuai deskripsi barang fungsi baik oke kirim standar,positive
harga kualitas harga gin pakai kasual gamer berekspektasi kualitas oke yap dil,positive
barang aman tuju tidak cacat moga awet belum,positive
baik jual,positive
kejut headset nya mati belah nyata bisa pakai aja,positive
respon jual cepat best jual,positive
mantap,positive
sesuai pesan pesan cepat,positive
mantap sih harga segitu harga,positive
barang bagus packingnya rapih bos penyok tidak barang tuju,positive
ok deh tidak percaya coba aja,positive
aja,neutral
bagus bisa baik enak pakai suara bagus,positive
mantap deh barang foto moga laris manis,positive
bagus audio,positive
ok mantap,positive
nyala senen kemis mati dah kek salah,negative
barang sesuai pesan toko amanah rekomended belanja terima kasih,positive
jual gokil sih produk bagus fungsi harga murah ceept,positive
anjing kagak bisa nyala belah pencet batal komplain,negative
barang bagus suka bagus job,positive
barang bagus fisik sesuai harga moga fungsi harap belum tes layan super baik super respon super cepat layak bintang,positive
pas pakai suara kada hidup kadang mati cas harga tidak bohong,negative
fungsi baik harga segitu sangaattt muas belum uji tahan baterai meeting online semo,positive
murah tidak murah mantap,positive
unit terima fungsi baik bass nya bagus treble imbang sanagat recomended terima kasih jual tokopedia,positive
keren pesan sesuai,positive
suara nya ekspektasi ber harap bass nya bagus trnyta jelek,negative
moga awet senang tiasa,positive
ngeriiiiiiii,positive
tangan baik jual,positive
terima kasih kali beli tokopedia barang sesuai gambar gak rusak terima kasih jual sukses trus,positive
baik bass nya asa,positive
alhamdulillh fungsi mesti terimksh,positive
cuman hidup,negative
mantap bos qu barang nya oke fungsi baik suara jernih bass oke mantap,positive
belah kiri baterai tidak bagus kiri diskonek peer nya kanan cmn kanan dengar,neutral
bagus barang packing nya bagus,positive
tidak foto rupa terang versi,negative
suara kresek,neutral
mantap cuy paket selamat dus nya penyok alhamdulillah gak rusa,positive
barang kotak nya doang tidak amanah toko sesal belanja,negative
headset bluetooth nya warna abu order warna hitam belah tidak fungsi,negative
kemas penyok penyok oke sesuai harga,positive
lumayan harga ribu,neutral
fungsi sesuai harga,positive
terkadang koneksi headset kiri kanan baik suara terkadang hilang sorry kaki liat,positive
suka putus putus jaring,neutral
terima kasih barang kualitas,positive
ok,positive
barang selamat kardus penyok isi mudh an tidk,neutral
kualitas suara aja headset pinzy kabel bass nya tidak deep jelek kadang belah suka keresek udah beli tidak bisa retur,negative
proaktif jual nya,neutral
bass nya kejut harga gin material nya asa plastik wajar tws harga ribu,positive
fungsi baik bahan kualitas jual cepat tanggap,positive
fungsi baik suara bass nya nendang moga awet bos ku terima kasih,positive
mantap,positive
packing bagus kualitas oke indikator charger cepat nguranginya,positive
harga sentuh screen fungsi baik pause sentuh next song previous gg,positive
mantap,positive
packing bubble bungkus headset indikator charging nya tidak nyala trus kadang kadang suara ubah ubah kadang mono kadang stereo kadang delay kiri ka,neutral
barang dikit nyata unyu unyu bagus suara bergungsi baik moga aja baterai awet ngojek,positive
barang bagus,positive
kualitas lumayan,negative
reapon cepat cepat moga awet belum coba terima kasih,positive
produk bagus,positive
kerja normal direset biar earbudnya nyambung kurir payah tidak hubung,positive
barang bagu,positive
harga kualitas lhaaa but bagus liat awet baterai nya ajaa hihihiii,positive
barang layak pakai,positive
so goodlah harga segitu,positive
beli kali harga murah bagus fungsi baik moga awet,positive
sesuai deskripsi produk,positive
bagus baterai awet tidak cepat abis,positive
barang terima suara bagus bikin anak senang,positive
maaf telat ulas produk mantap fungsi baik murah tidak murah terima kasih,positive
alhamdulillah aman moga awet,positive
keren,positive
respon jual cepat barang ok sesuai deskripsi mantap bagus jual,positive
kualitas bagus,positive
mantuulll,positive
bass oke suara mantap harga oke,positive
bagus rumaya sesuai harga,positive
barang sesuai kirim,positive
harga gin oke bass stereo putus jarak hubung tidak bisa baterai cepat habis kualitas sesuai dengannharga,positive
fungsi baik all is worked kualitas suara sesuai harga,positive
harga kualitas ekspektasimu mending beli branded btw barang terima belah kiri mati nyambung,positive
barang selamat harga baik kelas suara hasil sesuai ekspektasi,positive
jual nya sat set kurir langsung on poin the best,positive
packingnya bagus kualitas tws lumayan foto asli tidak sesuai gambar,positive
oesan f model harga lenih murah kali teliti belum kirim aju komplain ribet,negative
mantap,positive
iya bagus boss aman kirim cepat thnks bos ku,positive
suara nya lumayan bagus ngebass suara,positive
suara delay tidak kirain powebank ponsel nyata tidak bisa,negative
bagus harga segitu murah jual responnya cepat bagus recomended resselernya,positive
fungsi baik,positive
keren barang fungsi baik nyaman pakai,positive
respon lambat pesan tidak sesuai gambar deskripsi hitam putih konfirmasi barang lambat bahan tidak sesuai,negative
headset bagus fungsi baik moga awet,positive
packing rapi fungsi baik,positive
terima kasih jual baran ki terima baik aman dna fungsi moga tetpa lancar da sukses,positive
packing tidak bungkus dus bungkus plastik bubble wrap hadiah moga fungsi baik nerima suka suka terima kasih jual,positive
lumayan bagus sesuai harga,positive
barang bagus sesuai pesan,positive
ok nama kok bukan bisa sih lumayan tidak putus earbud nya lubang telinga tidak pegang,positive
alhamdulillah normal tidak kaya belum,positive
terima tidak balance bisa bongkar nyata driver geser lubang days baterai batas worthed harga serius pakai,positive
peking aman baterai power bank tidak tahan,positive
barang original suara jernih nyaman pakai desain modern kirim respon jual cepat,positive
packing aman barang mulus pas dipake mutar musik suara putus putus,positive
suara lumayan pas harga baterai durable bisa pake jam an,positive
bagus,positive
barang bagus fungsi normal emm tidak minus sih,positive
mantap,positive
pakai tidak mati,negative
tidak sesuai gambar kualitas baik harga jangkau,positive
fungsi baik belum coba telpon,positive
mantap,positive
packingnya aman barang sesuai fungsi baik,positive
suara mantap,positive
barang nya bagus suara baik harga nya,positive
sesuai deskripsi fungsi baik proses kirim cepat terima kasih jual tokopedia,positive
barang cepat bingung operasi,positive
paket terima sesuai pesan terima kasih juragan,positive
alhamdulillah mantap bass nya aja iya,positive
sesuai pesan emas mantap sukses jual,positive
bass nya,positive
mantap,positive
harga jangkau kualitas sesuai harga lumayan harga standar kualitas standar,positive
sesuai harga fungsi baik,positive
packing aman rapih suara bagus tidak rusak,positive
mantap ngegas cocok game,positive
gue kasih bintang packing barang bagus potensi rusak ekspedisi kalo urus barang gaada problem suara bagus,positive
suara headset nya bagus nyaman bentuk nya kalo pake lumayan sakit,positive
tidak sesuai pesan beda tipe beli bbm ecer kalo,positive
kualitas bagus,positive
keren pokok cobain,positive
dengar enak music,negative
bagus keren suara main tidak pecah,positive
bass nya sisa mantap,positive
tidak bad,positive
nyaman digunain gak sakit kuping,positive
lumayan harga segitu,positive
fungsi baik,positive
tidak komplain,positive
mantap bass nya enak,positive
fungsi baik kasih bintang coba,positive
baguuuuus,positive
darat aman barang sesuai pesa kualitas sesuai harga,positive
earbud kiri tidak nyala,negative
coba bagus moga awet,positive
jual cepat respon kualitas prod bagus kirim cepat barang aman maaf tidak foto belum rumah terima kasih jual kurir tokopedia,positive
murah kualitas bagus knp,positive
bagus tidak rusak,positive
barang hilang kirim sungguh mngecewakan,negative
pesan terima terima kasih,positive
bagus sesuai pesan puasssssss,positive
bagus next order,positive
fungsi baik sesuai ekspektasi moga awet,positive
mantap,positive
barang sesuai pesan,positive
bagus barang bukan abal,positive
suara greget,neutral
ok terima kasih,positive
warna tidak sesuai gambar,neutral
barang bagus kirim cepat,positive
mantap bagus,positive
suara nya lantang bagus jual nya ramah cepat respon original si terima kasih ka,positive
kali dipake senggol langsung lepas,neutral
bagus tidak chargernya ngecharge,positive
iya,positive
lumayan,positive
naise,positive
rusak belah tws hidup belah kiri tidak suara belah kanan suara,neutral
fungsi baik,positive
packing mantap aman poko,positive
mantap,positive
mantap bagus,positive
alhamdulillah puas baterai urang awet mantaplh harg gin,positive
fungsi baik kualitas suara mantap,positive
headset kanan tidak hidup bisa suara lumayan bagus,positive
keren,positive
bintang gara colok charge nya angkat tidak suara bagus jernih nge bass dikit,positive
ok,positive
suara lumayan mantap,positive
alhamdulillah barang fungsi baik kualitas sesuai harga moga awet,positive
ok,positive
lumayan,positive
dus penyok twsnya belah kanan tidak bisa tap click belah kiri,positive
fungsi baik kabel charger nya warna nya kusam kaya bekas,positive
barang ok,positive
produk ok jual ok,positive
packing kirim bagus barang serba buka tidak rapi cek suara bagus mic ok tidak bisa tuntut lihat harga isi,positive
suara jernih pokok suka,positive
mantap murah uang barang,negative
barang lihat nya normal belum coba suara tahan nya moga awet harga relatif jangkau gin,positive
mantap terima kasih juragan,positive
barang aman coba hasil wahh,positive
warna udah kanan buka quality kontrol nya gws dah barang rusak acc,neutral
headsetnya nya mati,negative
kualitas barang bagus bungkus susah buka keras buka tidak bisa maksimal buka ganjal engsel lu,negative
pes tidak sesuai kirim,negative
terima kasih terima coba,positive
tidak bisa dicharge,negative
mantap cuman respon chat kirim lambat,positive
barang sesuai,positive
mantap,positive
kerenn packing nya rada penyok dikit wkwkwke,positive
suara ok nyaman pakai kualitas mantap,positive
lumayan bass nya,positive
produk kualitas suara ngk jelek aman rekomendit low budget,positive
fungsi baik kiri suara cas goyang pes f aja tidak sesuai,positive
barang sesuai pesan full bubble bungkus kotak penyok headsetnya tidak kambar fungsi baik,positive
harga jangkau,positive
sesuai harga,positive
suara ok model ok kualitas ok koneksi ok materil ok over all ok murah bukan murah toppp,positive
this wireless is so harga the harga of the function and sound quality is baik bagus,positive
barang bagus,positive
alhamdulillah paket moga fungsi mesti moga awet terima kasih,positive
tidak bisa pakai barang rusak,neutral
kirim cepat rapih,positive
puas bet pake nya suara bet,positive
puas suara bagus jernih beli,positive
pakai kiri nya suara samar samar trus hilang pakai gak gak tindih si twsnya,negative
fitur fungsi baik bass gokil bet paten dah,positive
lumayan harga,positive
pokok serba bagus baik barang layan jual,positive
mantap barang nya bagus packing nya aman rapih kirim nya lumayan cepat,positive
barang bagus sesuai pesan,positive
lumayan harga kualitas,positive
kirim super cepat jual kurir moga barang nya tidak kecewa,positive
beli pasang normal mati belah,positive
cepat,positive
kasih dl belum dipake full so suara mantap terima kasih,positive
barang ok kirim cepat,positive
ok sesuai pesan moga awet,positive
wow cakep kerja juragan lecet dikit gag sih jalan,positive
head set mati belah cas bisa suara tidak,negative
suara ngebass mantap,positive
sesuai harga sihh mantap,positive
mantap bos barang sesuai deskripsi emas rapi aman tuju terima kasih tokopedia jual sicepat,positive
barang bagus paket kirim,positive
mantap,positive
lampu tidak nyala powerbank tidak fungsi,neutral
alhamdulillah selamat belum tau hasil belum pake,positive
barang cepat rusak,negative
kanan pakai low battery posisi charge bisa menit langsung low suara,negative
barang bagus kirim cepat,positive
lumayan sesuai harga,positive
fungsi baik coba kirim cepat,positive
terima kasih,positive
mantap,positive
belum coba si pakai jam normal,positive
barang bagus salah kirim,positive
bagus produk,positive
aman berpubgsi,positive
barang ok suara kadang patah wajar sih barang murah proses kirim rada kalo dbwa expedisi cepat,positive
puasssss bangeeeeet,positive
bagus sesuai harga lumayan dengar musik terima kasih jual,positive
baik budget high quality lumayan,positive
terima kasih,positive
barang sesuai ngebass poko rekomdet deh jngan ragu beli toko,positive
bagus fungsi,positive
ok mantap sesuai pesan kurir mantap,positive
kualitas barang ok harga ok,positive
bagus sih sesuai gambar tidak indikator baterai kiri cepat habis selisih menit,neutral
sesuai harga,positive
barang bagus sesuai diakripsi terima kasih,positive
mantap,positive
fungsi normal kualitas sesuai harga,positive
mantap sesuai pesan fungsi baik coba bassnya wouw terima kasih jual bagus job,positive
lumayan sesuai harga,positive
mantap maaf kasih ulas terima kasih tokopedia kurir,positive
beli toko rekomendet,positive
sesuai estimasi adminnya ramah hidup best pokok,positive
bass asa barang darat aman dus aman baterai awet moga awet,positive
terima baik fungsi baik,positive
mantap,positive
komentar nyata harga murah kupon kalo bayar normal kecewa sih kanan kiri tidak bisa bunyi,positive
puas,negative
jual cepat respond barang sesuai tampil,positive
puas,positive
tes sambung ponsel bluetooth belum connect isi daya mudah mudah bisa connect,positive
terima kasih fungsi baik,positive
barang sesuai gambar kualitas sesuai harga,positive
hancurrrrrrrrrrrrrrr suara parahhhhhhhhhhhhhhhhhhhhhhhhhhhh tidak dehhhhhh,negative
oke harga segitu kualitas lumayan sih,positive
fungsi normal sesuai pesan,positive
kirim cepat suara oke bass asa koneksi bluetooth bagus bisa charge ponsel recommend terima kasih jual toko kurir,positive
mantap packing rapi cepat nya kualitas mantap pkoknya,positive
kecewa dikit soalny tutup nya kek dah rusak,positive
mantap barnag fungsi baik moga awet,positive
packingnya mantap kasih bubble bungkus estimasi sesuai jadwal kualitas barang ok harga gin bassnya mantap,positive
bungkus ringsek tempel wadah headsetnya masuk angin,neutral
beli fungsi baik packing aman terima kasih jual,positive
ok sesuai pesan bass headset bluetooth nya,positive
rada si engsel buka bungkus rawan patah plastik buka tata cas cas an nongol kek cpot trus lampu belah mati,positive
barang sesuai terima kasih,positive
terima sesuai estimasi coba moga awet kualitas sesuai harga,positive
mantap barang bagus harga murah,positive
pesan coba normal moga awet terima kasih,positive
murah riah,positive
bagus sesuai fungsi,positive
moga awet,positive
terima kasih juragan,positive
terima baik normal bisa,positive
beli toko sesuai pesan barang pas lobang telinga suara ngebass ok tahan baterai headset jaman thans jual,positive
mantap asli nagih,positive
siiiip,positive
nyaman telinga audio musik bagus mic nya tangkap suara suara,neutral
nyala coy senang deh,positive
barang terima kondisi baik moga awet terima kasih jual,positive
barang kirim tidak sesuai pesan,neutral
tutup ngampleh barang jelek parah dus penyok,negative
pacing safety baterai tws nya tahan jam pakai dengerin musik over all lumayan harga segitu terima kasih,positive
bass ok suara ok,positive
tws fungsi baik sesuai harga,positive
barang bagus,positive
barang nya selamat bagus kualitas barang nya puas tunggu,positive
barang sesuai pesan kirim cepat jual responsif,positive
beli barang pes normal terima kasih jual,positive
lumayan tidak tau atur english,positive
bagus murah,positive
barang bagus kirim cepat,positive
respon cepat kirim cepat barang fungsi ok,positive
harga harga sih bass treble vokal pas tidak dominan salah enak didenger mudah an awet,positive
bagus,positive
harga barang basss aja harga segitu oklah,neutral
jual mantap kirim cepat,positive
kualitas suara earbud kube cocok migrasi wireless mic harga jangkau layan cepat,positive
baik,positive
mantap,positive
harga gin udah bagus bass nya si santai santai ngisi kegabutan kelas tidak bad baterai awet gitu,positive
oke,positive
barang bagus,positive
fungsi nya tidak ngisi cas kalo pasang fungsi sebenarx lumayan keren sih,negative
bagus,positive
kualitas sesuai harga,positive
ok barang sesuai pesan,positive
barang terima kasih,positive
packingnya bahaya kardus kemas penyok penyok buka barang bagus moga awet,positive
lumayan bagus kanan cepat habis selisih kiri menit kiri habis,positive
packing aman rapi lengkap terima kasih,positive
barang fs murah bagus pinzy gaming,positive
kirim cepat bungkus nya rusak robek kualitas oke sih,positive
cocok,positive
pesan type type foto unboxing lanjur buka foto tidak kasih solusi retur tukar kali,negative
tidak bass nya,neutral
sura belah,negative
respon cepat,positive
mantap,positive
respon jual baik cepat kirim langsung connect bluetooth suara oke charge fungsi nyaman nempel tel,positive
barang sesuai pesan terima kasih,positive
packing rapih sesuai pesan fungsi baik,positive
suara bagus battery life nya singkat dibandingin tws harga harga,positive
kanan tidak nyala,neutral
bagus,positive
alhamdulillah barang barang bagus,positive
kirim cepat barang fungsi baik,positive
salah tidak fungsi mesti,neutral
lumayan,positive
bagus banget,positive
mantaab,positive
beli sekian mantap puas murah bukan murah topp,positive
barang juragan sesuai terima kasih juragan sukses,positive
barang bagus suara mamtap,positive
paket darat belum coba sibuk moga awet,positive
barang mulus aman normal suara mamtep,positive
barang bagus moga awet barang juragan,positive
barang bagus,positive
suara bagus harga murah respon jual kirim keduluan earbud toko,positive
barang terima baik tws nya bagus suara bass mantap volume suara kenceng tidak nyesal pokok nya moga awet,positive
mantap suara,positive
barang rusak belah kanan tidak fungsi hubung handphone kecewa kualitas bar,negative
respond kirim cepat packing aman suara bass oke tidak sesuai gambar warna emas kirim warna hitam kabel cass nya pende,positive
packingnya rapih barang selamat kualitas ok,positive
alhamdulillah bagus,positive
mantap mantap,positive
barang dah bagus fungsi baik kurir jual amanah rekomendasi dah beli toko,positive
kualitas suara turun versi tidak bass nya alias jelek indikator level battery lepas,neutral
barang bagus murah,positive
keren moga awet,positive
headset bluetooth nya cepat low battery tidak menit,negative
ma af kecewa telat kirim aman aja,positive
kadang suka putus suara suka yah,negative
darat selamat tampil baik suara mantap warna sesuai pesan makasihhhhhhhh,positive
barang padu bagus harga jangkau suara lumayan harga gin gassslahh udahhh,positive
respon cepat kirim cepat harap ferguso gambar tidak sesuai nyata,positive
displaynya tinggal kali displaynya jual pisah,neutral
barang sesuai harga bagus,positive
kualitas mantap,positive
barang aktif cuman baterai cepat abis,negative
barang bagus cepat kirim,positive
barang oke normal tengkiu,positive
bagus belah kanan tidak bunyi suara,positive
bagus harga gin bisa murah bagus,positive
barang juragan cepat kirim barangnga sesuai foto bagus,positive
barang bagus respon beli cepat kirim cepat ok deh,positive
mantap selamat lecet kirim cepat suara mantap dahh harga jos mantap,positive
mantap bass,positive
packing rapi kirim cepat aman kualitas audio bagus,positive
gemeresik lambat,neutral
packing aman suara bagus terima kasih,positive
barang cepat kondisi bagus moga awet,positive
mantap barang fungsi baik bagus,positive
nyala belah,negative
sihh pesan kirim kecewa banget,negative
suara baik nyaman baterai awet,positive
pas,positive
barang segel baik fungsi keran,positive
harga ribu tidak harga suara,negative
alhamdulillah lumayan bagus,positive
barang sesuai ekspektasi terima kasih,positive
barang terima kualitas bagus terima kasih,positive
pakai barang oke kualitas suara bagus daya tahan baterai tidak awet pakai jam langsung habis,positive
barang bagus kirim ampun,positive
lega packing aman kualitas bagus barang fungsi baik,positive
kabel usb tidak bisa koneksi wireless headset buka boks wireless susah,negative
barang sesuai kondisi baik bagus paket rapi aman terima kasih,positive
fungsi baik,positive
sesuai pesan,positive
barang aman kurir lelet,positive
kirim cepat barang fungsi baik kualitas suara jelek skala kualitas suara skor anyway sesuai harga,neutral
kualitas produk oke kemas paket rapih kirim barang cepat terima kasih tokopedia kualitas produk ok kemas paket rapih kirim cepat,positive
ok barang dah terima aman sesuai pesan terima kasih toko,positive
bagus,positive
bad quality belah kanan somplak cuman tidak fungsi indah,neutral
lumayan,positive
suara lumayan oke harga sekian baterai cepat habis,positive
fungsi moga awet,positive
mantap packing bagus,positive
fungsi,neutral
suara bagus harganyanjuga sahabat,positive
terima kasih jual paket nya dah moga sukses,positive
mantap rokomendasi,positive
sesuai harga kadang suka hilang sebentar suara oke,positive
mantap bagus sesuai harga,positive
desain modern suara jernih,positive
packing aman kirim cepat jual responsif suara oke nyaman ear tipsnya oke kualitas baik koneksi aman material plastik baik rekomendasi tha,positive
barang ok,positive
ok,positive
baterai awet kualitas suara harga kok ukur harga kayak cinta bass serasa suka musik dominan,positive
terima kasih,positive
tws powerbank bagus kabel charger kabel usb belum type,positive
sesuai harga tidak bisa berekspektasi,neutral
bagus barang moga awet,positive
barang beli kemas kondisi penyok segingga kemas rusak belum coba kualitas,negative
bagus fungsi baik,positive
fungsi baik istri senang,positive
headset rusak belah tidak bisa tukar tidak sesuai gambar,negative
headsetnya bagus untung selamat kardus emas nya baik aja sih terima kasih,positive
kirim emas baik fungsi baik tahan jatuh keren led nya kualitas suara bagus baterai super awet,positive
lumayan kadang suka mati hidup charge,positive
barang ok kirim cepat status kirim,positive
kirim cepat barang hitam oke,positive
barang fungsi baik,positive
moga awet,positive
bagus,positive
so barang ok moga ok,positive
nice,positive
bagus cepat,positive
baramg oke kualitas baik suara mantap harga jangkau layan cepat,positive
paket isi sesuai order descripsi bagus packing rapat aman jual resposif cepat coba,neutral
barang sesuai pesan fungsi baik packing aman but bagus,positive
barang sesuai muas jual cepat respon,positive
mantap sempurna harga gin tidak nyesal,positive
mati kanan tidak bisa komplain tidak video unboxing resiko beli barang murah bagus tws harga up,neutral
mantap suara,positive
packing bagus dah tes charging ok fungsi normal,positive
kirim tidak alias,neutral
mantap,positive
bassnya enak earbuts nya pas comfortable,positive
packing aman pakai bubble wrap kardus lengkap kabel usb eartip cadang sedia unboxing aman nice thankss,positive
senang pesan nya udah cepat nya,positive
maaf tidak bisa kasih foto ponsel ku salah mataaplah toko terima kasih,positive
barang sesuai,positive
baterai cepat habis,neutral
bagus barang terima kasih,positive
mantap,positive
mati belah cas tidak bisa,negative
terima kasih,positive
sesuai pesan,positive
bagus,positive
suara suka putus,positive
packing nya aman barang baik baik,positive
sesuai pesan packing aman harga jangkau belum coba moga bagus,positive
kualitas barang ok harga murah jual responsif,positive
harga murah tidak ush ngomongin kualitas suara bunyi alhamdulillah haha,neutral
tidak hoki aja paket kota tuju kurir tidak nganter kapok pake kurir pas paket buka udah penyok dalem buka coba pas,negative
mantap,positive
ok bagus fungsi baik,positive
mantap jiwa,positive
barang sesuai pesan proses kirim cepat jual rada balas chat pesan barang coba fungsi baik moga,positive
mantap kirim cepat kualitas suara bass nya baik sesuai harga tidak kecewa,positive
grtais nigkro jdia laam smpainay ihar,positive
barang bagus suara jozzzz,positive
mantap sesuai deskripsi,positive
bagus,positive
barang original desain modern expedisi nya pilih expedisi kek terima kasih,positive
sayang gaada terang nya kanan fitur sentuh nya tidak jalan,positive
suara jernih pecah,positive
fungsi baik kualitas sesuai harga lumayan,positive
fungsi baik terima kasih,positive
barang ok kirim cepat packing rapi pokok nya ok bass nya mantap,positive
barang fungsi baik suara oke jernih nyaman dipake moga awet,positive
cakep sih,positive
terima kasih,neutral
fungsi baik suara jernih bass lumayan packing aman pakai bubblewarp tidak tebal lumayan harga segitu mah terima kasih udah kirim,positive
sesuai harga,positive
barang sesuai gambar paket rapi,positive
bagus,positive
terima kasih,positive
bagus,positive
kualitas barang bagus,positive
kirim sesuai jadwal barang sesuai pesan bagus terima kasih,positive
ok kak mantap packing baik bagus aman kak bisa cas nyala nya gokil fungsi baik sip deh,positive
ngirimnya awet aja baterai,neutral
paket aman kualitas harga sesuai harga cepat kurir ramah terima kasih,positive
barang nya bagus kualitas nya okkkk topppppppppppp,positive
barang kirim alhamdulillah barang normal bisa langsung dipdipakai,positive
barang sesuai pesan fungsi baik jual cepat responsif,positive
terima kasih paket respon jual cepat packing aman alat fungsi baik suara bagus jernih,positive
terima baik,positive
mantap enak bass nya,positive
bagus,positive
bagus suka,positive
versi tidak on mati manual,positive
ear bluetooth belah kanan tidak fungsi kecewa,negative
mantabbb jual ok barang ok,positive
mantap barang oke tidak nya kirim nya cepat jual,positive
pakai mntap,positive
kualitas harga sih udah dipake nggakda moga barang bisa diapakai kasih bintang deh,positive
audio delay suara lumayan speaker belah kiri mode charging indikator merah belah kanan penuh kiri mode charging,negative
maksih kakak barang nya muas terima kasih kakak,positive
bagus nyala harga murah riah udah tws canggih moga awet deh,positive
cepat rusak pake udah gak bisa cas,negative
barang rekomended ok,positive
keren ok dengerin musik vc,positive
kali pakai belah kiri salah harga nya murah,positive
barang bagus pokok mantap dah tokopedia,positive
headset nya belah tidak bisa hubung bluetooth kecewa beli tokoh beli tidak usah,negative
sesuai pesan sesuai harga,positive
barang sesuai deskripsi udah coba bagus terima kasih,positive
senang bagus bisa power bank blutut suara jrrnih fungsi sby barang aman kendali,positive
suara bagus keren bassnya stereo harga murah moga awet,positive
sesuai gambar suara bagus,positive
barang terima fungsi baik suara bass,positive
kadang putus suara,positive
barang bagus belum ngerti nyala mati belum paham tanda lingkar hijau,positive
mantap,positive
headsetnya hidup,positive
cepat respon cepat terima,positive
amannnn,positive
terima kasih kak,positive
barang fungsi baik,positive
mantap tenan,positive
bagus,positive
kirim cepat headsetnya kerja baik eartipnya medium bisa diatu atur dipake bareng helm tidak gampang copot,positive
fungsi nya suara sesuai harga lumayan,positive
barang nyaman pakai harga murah belum tau awet tidak baterai tampil bagus,positive
mantafff sukses trus boss,positive
cepat packing lumayan bagus kurir ramah baik jual dah terima kasih tokopedia,positive
mantap harga gin bisa muncul indikator isi bisa tap tap fungsi bisa powerbank sih mantap jara,positive
bagus choise mantap,positive
respon lambat jual kurir pesan batas pesan,negative
packing bagus kualitas bagus banget harga murah,positive
pakai kualitas oke harga segitu mantap juragan,positive
cepat kemas rapih,positive
bagus,positive
barang tuju sesuai estimasi,positive
kualitas tara harga murah riah tidak takut hilang pakai sepeda packing rapi respon cepat,positive
suara bagus nya,positive
bagus,positive
barang sesuai kabel cas tidak bisa pakai oke,positive
terima kasih paket terima baik sesuai pesan,positive
kualitas sesuai harga,neutral
alhamdulillaah paket aman bisa fungsi baik amanah kak abg kurir nya baik,positive
mantap,positive
kualitas oke,positive
harga becanda barang gilaaaaa harga gin kualitas suara bisa ngimbangin tws harga rban cuman belum tahan baterai nya murah sih,positive
mantap si mesen jam an sore besok jam an pagi kalo suara nya lumayan enak gantung orang daya tahan baterai nya awet,positive
bagus,positive
barang mantap,positive
barang sesuai pesann,positive
barang bagus,positive
headset belah tidak nyambung koneksi,negative
mantap fungsi baik,positive
kirim cepat puas sesuai gambar harga gin lumayan oke moga aweett,positive
kualitas mantap sesuai harga moga awet,positive
tidak pake bubble bungkus packingnya aman selamat pakai aman aman aja,positive
ok,positive
siiiip,positive
mantap,positive
barang sesuai pesan suara bagus fungsi moga awet kabel kuat,positive
bagus lihat moga awet terima kasih,positive
fungsi baik harga,positive
mantap,positive
barang aman lumayan dengerin music main game,positive
bagus sesuai harga nya,positive
tidak bisa cas bos ganti kabel tidak bisa barang rusak,negative
barang oke gak sesuai harga lumayan dengerin musik,positive
kirim cepat packing baik kualitas twsnya aja kualitas eartips siliconenya bagus fittingnya tidak cocok telinga dampak kualitas,positive
pesan sabtu pagi minggu sore packegin wajar kualitas headset bagus jual responsif,positive
ok,positive
barang sesuai pesan suara mantap trebelnya mantap bassnya lumayan baterai awet kurir cepat is the besss,positive
bagus banget sumpah,positive
barang bagus kirim cepat,positive
barang oke kualitas sesuai,positive
sip,positive
emas bagus tutup bubble bungkus suara bagus harga gin,positive
kualitas ok sesuai deskripsi kirim cepat,positive
bagus,positive
fungsi tidak bisa fungsi beli fungsi dgan baik belah kiri,negative
barang sesuai deskripsi,positive
bagus lumayan harga segitu tws bisa dengar music main game telpon terima kasih,positive
barang fungsi malesnya usb,positive
kualitas suara tidak bagus ekspektasi lumayan sisa muas,positive
barang ok kirim cepat,positive
wlau rim lma packing kurng rapi dus penyok tidak msalah sesuai pesan fungsi baik suara muas terima kasih,positive
mantap barang ok,positive
tws mati belah cas ndk penuh bluetooth tidak terconect belum pencet selesai cek tidak bisa retur arti barang kirim tidak qc du,negative
bagus kirim cepat sukses bos,positive
mantap coy keren suara luyaman harga gin bass suara mantap quality nya coy udah kali sengaja jatoh pakai kena hujan,positive
fungsi mesti murah riah,positive
barang aman boxnya penyok fungsi baik,positive
cepat aman sesuai,positive
mantap anjing mantap,positive
barang sih oke baik kirim sbb lambat,positive
barang mantap bass lumayan mantap rekomendasi harga sgtu baterai awet,positive
suara jelek harga segitu sesuai,positive
harga,positive
fungsi baik,positive
a,positive
barang bagus sesuai gambar fungsi baik,positive
bagus sesuai deskripsi both headset fungsi kualitas sesuai harga moga awet,positive
tidak bisa charger coba pakai kabel type to usb usb to usb tidak bisa kayak rusa boxnya terima cek koneks,negative
packing rapi jual respon cepat barang belum coba moga tidak kendala,positive
kali beli via tokopedia live langsung beli barangcepat emas rapih tksh pinzy official,positive
bagus,positive
kualitas lumayan harga segitu suara bagus,positive
paket headset bluetooth nya kirim cepat belum coba tidak bisa kasih lihat foto pergi kota terima kasih jual toko,positive
barang terima baik sesuai pesan packing aman rapih kirim recomended terima kasih,positive
sayang suara empuk lumayan moga aja awet terima kasih jual toko,positive
power bank nya tidak dukung,positive
barang sesuai deskripsi fungsi baik cepat respond jual packing aman mantap terima kasih jual,positive
kardus peok,positive
barang ok jual ok,positive
barang bagus original pasang mudah pakai mudah pintar bagus suara jernih mantap liat keren pakai,positive
belah kanan tidak nyala cas aja merah kek malem siang nyesal layan admin nya buruk kali pikir pikir,negative
alhamdulillah barang fungsi baik terima kasih,positive
moga awet bisa langgan,positive
barang pesan wis fungsi baik terima kasih,positive
mudah rusak earbudsnya cepat abis tidak bisa charge,negative
bagua kok keren gokil asik asik mantap banget,positive
barang sesuai pesan kualitas bagus tidak rusa,positive
barang mantap cepat fungsi baik keren,positive
telpon suara nya tidak dengar volume full,negative
tampil bagus charger kerja suara gemeresik tidak utama daya baterai tidak tahan maaf tidak bisa kasih rating bagus,negative
kirim cepat barang aman,positive
bagus,positive
kisar harga dbwah udah keren si,positive
mantap,positive
mantap barang min,positive
cepat banget kualitas ok fungsi baik suara jernih harga jangkau sukses trus,positive
mantap fungsi baik terima kasih,positive
ok,positive
barang original suara jernih desain modern koneksi bluetooth kuat harga jangkau bass nya mantap jual ramah,positive
sesuai pesan mantap harga segitu,positive
keren anak senag headset,positive
nambahin buyer mes sedia opsi pilih warna biar tidak kes nipu display hitam putih kualitas sih lumayan sesuai har,positive
alat tidak fungsi,positive
mantap barang fungsi baik moga barang nya awet,positive
pesan type kirim type teliti dikit barang ribu komplain ribet kirim kirim keluarin ongkir,negative
kualitas barang oke kirim barang oke senang belanja tokopedia,positive
packing aman barang fungsi baik udah kali beli amanah sesuai pesan,positive
maaf ulas telat barang mantafff,positive
keren mantepp sesuai pesan pngiriman nya,positive
barang oce,positive
barang sesuai harga baik,positive
paket kemas baik terima kasih,positive
mantap pokok terima kasih barang nya,positive
sesuai harga kurir gercep,positive
bagus minus kalo jaring jelek main game suara delay,positive
mantap,positive
kualitas suara bagus bass gak pecah murah,positive
sulit dpasang desaiinya pas gt telinga,positive
bintang aja karna barang nyasar barang puas,positive
alhamdulillah fungsi baik kirim cepat kurir ramah baik terima kasih jual kurir tokopedia,positive
fungsi baik,positive
kondisi aman,positive
produk fungsi baik produk original emas bagus,positive
packing rapi barang aman,positive
barang ok bass nya aja standard,positive
produk sesuai fungsi baik terima kasih,positive
alhamdulillah fungsi baik mudah an awet,positive
barang fungsi,positive
sesuai harga,neutral
keren,positive
terima kasih,positive
insya allah amanah,positive
bagus suara mantap cuman nyaman aja wajar harga rupa,positive
mantap,positive
bagus tidak delay lancar rekomendasi cari tws murah kualitas bagus,positive
headset nya mati belah tidak tes ps kirim,neutral
nyata cepat duga packingnya bagus belum coba terima kasih jual kurir nya mantap dah,positive
mantap,positive
bagus harga jangkau,positive
all sip,positive
kualitas bagus sesuai harga,positive
lumayan,positive
barang lengkap sesuai deskripsi terima kasih,positive
sip,positive
nice,positive
koneksi bluetooth kuat harga jangkau,positive
kualitas isi baterai nya baik,neutral
barang bagus kualitas suara sesuai harga pakai tidak kendala,positive
gud,positive
mantap jernih suara,positive
packing rapi lumayan sesuai harga,positive
mati belah,neutral
lumayan harga gin udah tws suara enak telinga,positive
fungsi baik kadang indikator baterai headsetnya bisa percaya tidak bad harga segitu,positive
fungsi baik moga bisa tahan kirim cepat,positive
lumayan moga awet,neutral
keren,positive
kirim cepat,positive
amanah barang bagus suara jernih barang tidak langsung tokopedia refundnya bagis,positive
mantap sih harga murah barang tidak murah nalar moga awet terima kasih jual,positive
puas,positive
bagus,positive
cepat respon jual barang sesuai pesan bagus,positive
suara jernih desain modern harga jangkau,positive
barang bagus,positive
maaf kasih bintang indikator baterai tws sisi tidak nyala aju tukar barang udah males quality kontrol,neutral
proses cepat kualitas barang mantap sesuai harga,positive
moga sesuai harap harga,positive
ok bisa powerbank kalo darurat,positive
headset belah kiri tidak fungsi tidak suara,negative
paraaah mah mantap tidak ribu barang bagus cooy suara nyaman cas cepat harga,positive
headset nya mati belah,neutral
suara nya jernih bass treble nya tinggal atur equaliser koneksi mudah cepat belah kanan effort tidak langsung,positive
bintang aja headset nyala kanan doang,positive
mantap pesan,positive
harga murah kualitas banding tidak harap butuh tws dengar suara,positive
packing nya aman barang selamat fungsi normal,positive
bagus,positive
best,positive
alhamdulillah barang sesuai pesan fungsi baik tahan baterai headset nya,positive
terima kasih barang nya bagus enak dengar sesuai gambar jual ramah mantap beli headset nya cocok,positive
sesuai eskpetasi cepat,positive
packingnya rapi bikin kecewa panas belah tidak nyaman dipake nya,positive
terima fungsi baik,positive
barang nya udah dus nya penyok tidak barang nya aman penyok dikit gak ngaruh,positive
baterai awet,positive
oke,positive
capat barang mantap sesuai harga,positive
tidak cocok main game karna delay pas pencet sesuai harga,positive
terima kasih pinzy tokopedia barang terima baik gbu all,positive
kirim nya cepat barang sesuai terima kasih jual recomended,positive
sesuai tidak kecewa,positive
bagus,positive
mantap juragan sesuai gambar mantap,positive
mantap,positive
headset nya gak bisa pake bareng,positive
bagus,positive
kirim cepat packagingnya rapi barang sesuai deskripsi suara tidak ngeba sesuai harga,positive
terima kasih fungsi nya kirim cepat,positive
fungsi baik suara mantap adem telinga,positive
sesuai harga tidak muas,neutral
nyata nya cepat sat set tidak ribet,positive
ngechas fungsi baik,positive
fungsi normal docking charger nya lumayan moga awet tahan earphonenya,positive
kardus emas penyok barang bagus sesuai harga,positive
barang ok kirim cepat,positive
sayang tidak bisa pakai kanan kiri mati,neutral
produk sesuai deskripsi suara bass mantap,positive
barang patah tidak tau kirim toko online nya inti kualitas buruk,negative
barang original koneksi android lancar suara bersih proses pesan cepat,positive
terima kasih packing rapi aman cepat,positive
aja tidak ngebass,neutral
qualitasnya bagus suara dengar,positive
kirim cepat emas rapi sesuai pilih,positive
produk tidak kecewa layan bagus harga kompetitip rekomendasi beli,positive
puas cepat,positive
mantap harga sesuai tidak kecewa respon jual cepat cepat,positive
mantap,positive
tidak fungsi pas langsung coba suara baik kalo bisa tukar,negative
mantap suara gokill,positive
sebenernya hati beli tws abal abal kalo aja tidak pengaruh review yt emg tidak beli liat direview twsnya oke,negative
barang nya bagus bass nya,positive
sesuai,positive
bagus fungsi baik normal,positive
bagus barang nya mantap recomended jual mantap jiwa,positive
barang bagus sesuai harga,positive
barang selamat fungsi baik terima kasih moga awet,positive
lubang cas miring paksa dikit masuk port pas ngecasnya,neutral
oke,positive
ngebass karet cadang tidak,positive
kirim cepat fungsi baik,positive
fungsi baik,positive
keren mudah link bt baik kualitas suara,positive
barang udah terima enak dengar telinga jernih tidak sich kurirx ramah sahabat sukses resellernya pake,positive
bagus bagus aja moga bagus bagus aja,positive
headdsetnya kanan,negative
barang bagus fungsi baik packing aman rapi,positive
koneksi jelek,negative
tidak sesuai warna,positive
sesuai iklan fungsi baik belum pakai coba connect tlp oiya kardus penyok twsnya aman,positive
moga awet segi kualitas sesuai harga bagus,positive
kualitas sesuai harga kapok pake kirim cepat barang estimasi chat cs nya,positive
mantap bang awet barang alhamdulillah,positive
coba bagus suara baik ukur nya telinga ku,positive
terima kasih barang nya sesuai pesan moga awet,positive
pesan f beda harga beda,neutral
berfunsi baik mas nya rapi lumayan pnyok krdusnya tidak papa isi aman,positive
mantap,positive
lega packing nya rapi barang tidak rusak aman harga sih harga segitu,positive
harga bnget harga gin,positive
peking aman kirim cepat produk bagus,positive
bagus,positive
toko nya percaya tws nya nyala terima kasih,positive
oke belum coba,positive
selamat ok kirim,positive
barang oke kabel bawa tidak jalan cas suara segitu oke,positive
suara pas,positive
packing bagus kualitas barang tws oke,positive
suara enak fungsi baik,positive
tidak usah harap an oke,positive
kabel cas mikro tidak fungsi sisa aman,neutral
respon cepat barang sesuai pesan cas moga awet fungsi baik,positive
packingnya lumayan oke pakai bubble wrap,positive
mantap ka barang pesan fungsi baik,positive
lumayan bagus rapi koneksi bluetooth kadang kadang putus putus lumayan bagus kualitas barang,positive
mantap nih,positive
suara bagus sesuai harga,positive
bagus suara golong ok toch sensor belah kanan tidak fungsi salah,positive
ok,positive
pesan,negative
sesuai harga anc nya gimmick ygy affh iyh iya harga murah harap anc sesuai budget poko ragu nyobain beli produk arti support edar,positive
barang cepat kualitas ok,positive
barang oke packingnya rapi aman kualitas suara mantap kelas harga gin masuk bagus arek,positive
kerenn bngett,positive
barang bagus sesuai ekspektasi moga bisa awet senang,positive
delay dikit,positive
sesuai deskripsi sesuai deskripsi sesuai deskripsi,positive
barang sesuai fitur fungsi baik,positive
alhamdulillah fungsi baik terima kasih jual,positive
belum coba minimal kirim masuk cepat,positive
lampu flashlight tidak fungsi tidak nyala,neutral
nyata alat,positive
fungsi baik barang harga bayar,positive
barang bagus tidak cacat,positive
mantap sii kadang suka putus,positive
barang sesuai pesan fungsi baik harga sahabat keren,positive
gambar realita puas beli toko,positive
bagus sesuai,positive
kirim cepat mudah an fungsi baik,positive
mantap barang bagus baterai awet,positive
omg pecco bagnaian crash motegi,positive
mantaff berkwalitas,positive
kirim barang cepat,positive
bagus,positive
bagus pakai kesana nya mudah rusak,positive
tidak varian bass lumayan sesuai harga,positive
barang bagus cuman suara ngebass aja,positive
mantapppppppp,positive
packing rapi biarpun tipis bagus barang,positive
lumayan harga segitu kalo bagus beli harga mahal baterai boros awet tidak bad harga gin,negative
kondisi bagus barang sesuai ekspektasi,positive
mantap tws nya stereo fungsi bicara kualitas audio harga,positive
nyala nya belah beda jaring bluetooth,positive
barang super keren bingit pokok nya keren abis moga awet terima kasih,positive
barang bisa uang,positive
terima lihat aja klik nyata indikator tidak nyala bingung baterai dicharge kualitas,neutral
mantap moga awet,positive
best,positive
barang aman packing bagus,positive
mantap barang cepat,positive
harga jangkau kualitas headsetnya bagus baterai tahan kualitas suara oke koneksi bluetoothnya bagus jual gercep,positive
serius produk nya ekspektasi aja nyata suara hasilin bagus beneran indikator baterai nya tidak liat,positive
puas layan jual respon tanggap keluh solusi toko barang,positive
terima kasih,positive
mantap,positive
rapi packingnya produk bagus coba bass nya lumayan suara jernih bawa motor sih suka putus sinyal lagu mati lumayan,positive
keren sesuai expektasi belah kiri tombol gak nempel over all puas,positive
emas bubble bungkus produk kondisi baik,positive
harga murah suara ok moga awet,positive
mantap barang bagus kualitas terima kasih kak,positive
jual respon cepat barang sesuai harga suara belum coba mati belah tidak bisa cas kurir amanah sopan,positive
kualitas oke,positive
mantap moga bisa awet,positive
karet ganti nya tidak,positive
kirim cepat barang sesuai barang original suara jernih,positive
oke,positive
barang bagus suara bersih proses cepat recomended,positive
barang sesuai order respon cepat emas rapi terima kasih juragan moga kwalitasnya baik,positive
kiri kanan barter yu jaksel,neutral
kualitas baik harga murah,positive
mantap,positive
packing aman barang sesuai gambar harga,positive
kiri tidak suara,negative
bassnya nampol gak sember biar kate bass offside kirim kilat cepat mantan hilang,positive
mantap,positive
bassnya mantap,positive
terima baik emas rapih coba kabel type fungsi baik headset belum coba,positive
terima kasih barang moga awet,positive
barang bagus,positive
mantap,positive
barang original suara jernih suara bersih,positive
desain keren suara enak dengar,positive
wajar sesuai harga barang kemas rapi cepat kirim,positive
barang original nyaman pakai suara jernih desain modern koneksi bluetooth kuat baterai tahan,positive
brngny tidak fungsi,neutral
jual cepat respon kirim cepat suara bagus,positive
pesan hitam nya putih,neutral
barang terima baik kirim cepat kurir ramah,positive
bisa start pause respon sensitif,neutral
oke laah sesuai bass nya sopan,positive
kenceng,neutral
mantap recomended suara ngebass toko nya bisa percaya kirim cepat packing rapih senang beli toko terima kasih sukses,positive
alhamdulillah barang terima sesuai pesan terima kasih kak,positive
aman,positive
bagus,positive
alhamdulillah sesuai pesan,positive
mantap,positive
barang oke cepat sayang tidak manual untung tidak pake ginian,positive
bagus sihh kabel putus,positive
suara mantap bass glerrr belah bunyi belah mati coba sambung ulang,positive
sesuai harga,positive
alhamdulillah kondisi normal,positive
mantap sesuai ukur harga,positive
barang sesuai pesan terima kasih,positive
paket darat aman cepat kualitas bagus harga segitu,positive
barang sesuai pesan terima kasih booos moga awet,positive
murah tidak murah keren,positive
baik cepat bagus bass vokal suara jedag jedug mantap,positive
terima kasih headset kiri tidak suara,positive
siang si normal normal aja pake menit an kanan cas ngisi kiri tidak kalo connect,neutral
kualitas barang jelek tidak sesuai pesan,negative
alhamdulillah fungsi baik,positive
terima kasih paket lumayan suara,positive
gambar beda,neutral
ngebass tidak cocok telinga cocok telinga suka suara ngebass k sember cocok telinga orang indonesia doyan dangdut tidak,positive
kualitas ok harga murah,positive
emas rapi produk coba sebentat baik,positive
mantap nian nih,positive
mati belah gak suara nyala nyala doang lampu,negative
alhamdulillah barang oke kendala tidak nyala udah bisa naterus alat besi mendem dalem,positive
paket tuju bagus cuman delay pas main game,neutral
tutor pakenya kak kok hidup aja,positive
barang tidak bisa pakai,negative
beda sen headset belah kanan bunyi kresek mulu,neutral
barang ori sesuai deskripsi jual responsif batang fungsi baik,positive
pesan terima baik sesuai jadwal terima order,positive
bagus murah fungsi baik power bank nya cock charger ponsel karna karna cepat panas cepat abis kalo airpods nya cocok,positive
kemas penyok suara sesuai harga kirim cepat,neutral
bagus,positive
barang bisa moga tahan,positive
baterenya asli irit sayang koneksi putus kalo ramai stasiun kalo hape masukin saku celana,positive
pakai ngecas tidak full respon balas lambat,negative
kualitas sesuai harga aja,positive
jossss,positive
bagus kakak,positive
barang nya bagus bisa mono tidak bisa stereo,neutral
terima kasih pesan gambar moga sukses,positive
headset belah kiri suara,neutral
mantap harga segitu barang selamat,positive
mantaappo suara lumayan bagus bassnya harga to buy,positive
barang udah suara bagus,positive
terima kasih,positive
mantap juragan sesuai,positive
oke kalu bisa bungkus kardus boss plastik biarkemasan tidak penyok,positive
packing aman fungsi baik,positive
barang oke kabel cas tidak fungsi,positive
kirim cepat kualitas barang bagus suara pas konektivitas mudah,positive
mantap dah fungsi,positive
packing nya oke barang pack mati belah,positive
mantap,positive
pesan versi versi belum coba cas,positive
fungsi baik,positive
bagus,positive
mantap kren suara mantap basss nya ok,positive
bagus sesuai harga barang fungsi proses cepat,positive
wadah cas tidak bisa cas kaya bisa power bank nyata fake lumayan si,negative
mantuuuuuuul joooos bass brasa,positive
barang dah terima selamat pokok mantap,positive
kanan tidak fungsi,neutral
fungsi baik kirim cepat packing rapi bass lumayan gabung,positive
muas hehe,positive
packing aman kualitas suara bagus sambung bluetoothny ponsel so so bagus,positive
barang bagus suara oke,positive
belum coba moga fungsi baik normal,positive
barang oke fungsi baik jual proses barang cepat pesan kemarin besok udah keren moga barang awet,positive
barang terima terima kasih tokopedia kurir,positive
biar bintang aja komen,positive
mantap jiwa mantap ngebass nya instal apk bluetooth,positive
packing aman headset fungsi baik kualitas suara bagus,positive
nyala kresek kresek baterai cepat moga awet,positive
kualitas suara kresek kiri mati total tidak charge,negative
sound nya bagus dipake moga awet,positive
mantap ngirimnya,positive
ok kualitas sesuai harga produk jalan baik salah tws rekomendasi budget ribu kualitas ok rekomendasi,positive
beda tipe,negative
desain modern belanja,positive
barang terima bagus sesuai ekspektasi suara nya bagus,positive
mantap harga murah kualitas ekspektasi didapet next upgrade nih,positive
ok,positive
barang sesuai deskripsi lumayan harga gin hubung ponsel laptop tidak suara standar fungsi baik harga to buy nyari tws,positive
lampu indikator status baterai nyata tidak gambar barang fungsi baik,positive
harga harga segitu lumayan suara packingnya aman,positive
packing aman rapi barang sesuai,positive
ok,positive
terima kasih barang terima sesuai order deskripsi moga awet,positive
wow,positive
sesuai harga nelp suara nya,positive
left tidak bisa hubung android ponsel nya,negative
barang muantappp pisannn,positive
murah kelas pakai nya bass muncul asa nyaman telinga jam pakai nonton,positive
cepat respon,positive
recommend jual respon tanggap ramah konsisten mantap pokok harga saing grab cepat ser,positive
moga awet,positive
beli kali puas barang moga awet,positive
pesan f tidak ap deh ikhlas aja biar awet,neutral
responsive jual barang udah belum coba,positive
barang fungsi baik moga awet,positive
kirim cepat respon cepat sayang barang tidak sesuai tawar gambar tokopedia kualitas sesuai harga harap wajar,negative
sesuai barang kirim cepat,positive
aplikasi selesai belum terima barang nya kurir tidak kirim jual terima kasih,negative
harga sesuai harga pakai tidak,positive
barang suara mantap minus kirim,positive
cepat respone,positive
packing standar kualitas sesuai harga barang bisa nyala,positive
emas kuat rapi produk bagus baik kirim bagus cepat terima kasih,positive
barang oke an hrus dcas,positive
kiri cepat abis baterai nya sisa oke,positive
bagus rapi susah unboxingnya,positive
suara mantap barang lecet,positive
baik langgan pinzy,positive
barang bagus sesuai pesan terima kasih,positive
suara kualitas sih enak teman beli m pro bisa koneksi anjing,positive
bintang bicara,positive
barang ok barang original suara jernih desain modern material premium,positive
puas langsung pakai baterai pakai menit kok cepat,neutral
sesuai gambar kirim nya sih puas produk,positive
mantap fungsi baik,positive
coba dengar deathcore oke bass nya,positive
barang sesuai deskripsi fungsi baik kirim cepat beli belum bagus awet baik produk terima kasih jual to,positive
produk bagus moga awet,positive
tidak fungsi baik headset kanan bisa doang kiri udah cas full,negative
barang fungsi baik harga murah banding,positive
nice,positive
barang oke respon cepat,positive
oke laaaah dengerin musik,positive
fungsi baik,positive
barang pakai besok nya tidak bisa hidup salah produk tidak paham hidup mati mohon,negative
terima kasih,positive
mantap sesuai harga,positive
ekspektasi cabe rawit suara kencang harga sahabat,positive
respon cepat moga bisa pake awet,positive
mudah an awet terima kasih,positive
terima kasih best jual cepat,positive
lumayan,positive
sumpah sih tws harga,positive
barang sesuai pesan jual ramah respon express terima kasih bos sukses,positive
mantap lur,positive
bagus,positive
kualitas sesuai harga,positive
barang bagus bisa nyala deh pokok,positive
oke mantapsss sesuai harga tidak harap hehe,positive
terima kasih barang udah sesuai poto baik kulir ramah,positive
bagus barang alhamdulillah,positive
barang sesuai gambar barang baik cacat barang cepat terima kasih jual,positive
barang sih ok kemas rusak bolong sellernya perhati kemas barang oke,positive
harga jangkau kualitas oke,positive
jual cepat sesuai pesan,positive
pesan sesuai aplikasi suara lumayan bagus paking bagus,positive
fungsi,positive
aja pengngiraman nya bagus bagus,positive
barang selamat tuju volume belah bisa atur ponsel kualitas jaga moga awat barang,neutral
barang bagus respon jual baik,positive
belah kiri mati udah coba isi batry jam mati,negative
rusak hidup,negative
suara lumayan ngebass pokok mantap desain simple,positive
kualitas suara bagus ukur pas telinga tidak noise baterai tidak cepat habis,positive
belah kiri cepat habis daya banding kanan,negative
ok sip,positive
puas barang bagus,positive
muas,positive
harga bilang murah kualitas tidak buruk kok bass nendang nih fungsi baik moga awet,positive
komen nyala belah aja coba deh cas tidak otak atik deh tws bisa pake individu bisa cas aja kanan,positive
fungsi baik tws nya,positive
barang kirim tidak sesuai gambar,negative
battery tahan,positive
sesuai pesan rada susah sambung,positive
packing aman lengkap kirim cepat fungsi terima kasih jual dsn tokopedia sukses,positive
lancar jaya,positive
material lumayan bagus kualitas suara treble bass bagus tidak bad harga gin,positive
proses cepat aman,positive
barang ori mantap puas manfaat power bank maksimal powernya,positive
bagus,positive
barang bagus,positive
cepat hasil bagus terima kasih,positive
barang fungsi normal kirim cepat,positive
packing ok cuman dus nya penyok suara sember banding harga nya,positive
mantap suara aman baterai awet,positive
packing aman rapi moga awet pas nyalain tidak bisa nyata daya,positive
barang pakai suara tara harga kadang kadang susah hubung bluetooth pc,positive
kualitas lumayan bagus sesuai harga,positive
barang bagus kirim cepat pokok puas,positive
coba moga awet,positive
harga harga segitu mantap,positive
mantap barang bagus sesuai,positive
suara mantap baterai awet murah tidak beli mahal,positive
fungsi baik,positive
puas harga segitu bassnya lumayan mesti hati pas telinga senggol jari dikit respon sensor volume,positive
jual sih cek tidak kirim barang charger bungkus salah charger penuh langsung kosong tidak,negative
barang original,positive
mantap barang sesuai deskripsi layan cepat terima kasih min,positive
respon jual bagus kurir bagus barang sesuai etalase bagus terima kasih,positive
mantap,positive
barang kemarin order suara nyaman dock bisa charge nyala okay moga awet,positive
barang bagus packing aman kirim tanggal beli,positive
tidak bisa menggunakanya,neutral
mati,neutral
lumayan kirim baik packing baik kualitas barang sesuai harga suara cempreng,positive
keren murah riah asli suara bagus,positive
mantap,positive
oke,positive
layan ramah cepat barang tes ok terima kasih,positive
suara oke harga gin harga yah,positive
paket aman isi sesuai pesan suara tidak tau bagus tidak kalo beli jamin ganteng deh,positive
orang baca tidak baca barang rusak kok jual,negative
bentuk nya tidak kaya foto cas nya tidak masuk ponsel,positive
sayang barang tidak sesuai foto normal aman kirim cepat,positive
paket aman kendala,positive
suara bass nya mantap luv moga awet,positive
barang bagus tidak kecewa mantap,positive
barang selamat packing penyet dikit barang oklah,positive
packing lumayan aman pakai bubble wrap kualitas suara mantap fungsi normal tes kali aman kendala desain keren terima kasih jual,positive
mantap diskon barang ok fungsi baik,positive
ok,positive
alhamdulillah barang fungsi baik terima kasih jual kurir,positive
sip,positive
bagus,positive
mantap suara jernih bassnya ok harga jangkau bisa cas ponsel ayo beli headset bluetooth tws,positive
barang bagus ad cuman retak dikit,positive
belah salah gak bisa hidup mati hidup mati salah kak,negative
gokil harga murah kualitas tidak murah hs bunyi kresek pas matiin hidupin normal pakai full jam,positive
keren sik batrei cepat habis,positive
keren bagus kirim cepat,positive
lumayan rabu teknologi tws rakyat jelata komplain ngeluh kualitas audio nya kerjaaaaaaaaaaaa anjing biar bisa beli,positive
bagus,positive
barang bagus kirim cepat trusted moga tahan,positive
barang bagus harga jangkau aja proses kirim,positive
jual barang komplain tidak tanggap chat lampu led nyala belah headset kadang nyambung kadang tidak buang,negative
barang oke kirim bilang si cepot,positive
kirim cepat packing mantap bagus rapih bagus jual and sicepat,positive
keren kiri dipake kanan charger bisa ganti ganti gtuh proses konfirmasi pesan cepat packing rapi kirim cepat oke,positive
pesan kirim,negative
suara oke,positive
bagus,positive
kondisi barang baik mulus headset nya suara angin brisik spertinya rusak,negative
kirim nya,positive
kualitas banding harga murah suara sember frekuensi bass terblenya baterai awet gua tws kualitas sa,positive
senang promo tidak sangka kirim sesuai pesan suara bagus ain karet telinga cadang harga tidak promo,positive
barang bintang plastik mika jam tidak bekas lecet burbel plastik baik utuh ok tingkat bravo,positive
harga murah segitu,positive
bagus,positive
beli tidak bisa pake cas tidak bisa udah komplain tidak balas,negative
kerennnn,positive
aktif nya pas buka tidak nyala,neutral
packingnya aman barang fungsi sesuai deskripsi,positive
alhamdulillah paket so fisik bagus kualitas sesuai harga recomended,positive
mantap terima kasih juragan,positive
jelek asem tidak fungsi,negative
barang fungsi baik kirim cepat packing aman jual ramah terima kasih jual,positive
coba barang bagus baterai awet,positive
mantap barang sesuai deskripsi originl suara mantap,positive
orang cancel pesan milih tipe kirim jual kocak takut rezeki lu hilang kapok dah,negative
paket terima kondisi bagus pakai sakit telinga baterai lumayan cepat kalo headsetnya taruh,positive
emas rapi aman kirim cepat barang coba suara mantap,positive
suara nya mati hidup kiri mati kanan terima kasih,negative
mantap sesuai ap ad iklan,positive
baterai tahan harga jangkau,positive
mantap kerenn,positive
packing oke barang sesuai kirim cepat,positive
puas barang bagus murah egk nyesal beli,positive
mantap,positive
harga bayar pas tidak harga bayar tera tokopedia,neutral
bass nya,positive
oke bruntung sesuai biasae kalo beli barang onlen rada rada gagal,positive
bagusssssssssssssssss,positive
nice barang fungsi baik,positive
sesuai order,positive
mantap,positive
jual,positive
kirim cepat gratis ongkir,positive
harga sesuai kualitas,positive
baterai nya bocor belah kiri menit langsung low battery,negative
produk original tahan jam dk jam klaim harga sahabat jual ramah kirim standar terima kasih jual tokopedia tingkat te,positive
barang bagus tidak minus,positive
jossss,positive
barang sesuai pesan coba suara mantap terima kasih juragan,positive
isi lengkap kardus kabel cas buds cadang suara headset bagus kirim cepat,positive
barang kondisi bagus barang sesuai pesan barang fungsi baik terima kasih,positive
nyaman pakai sayang jangkau meter battery nya cepat habis,neutral
respon jual produk ok tidak ragu dah sayang kurir kecewa,positive
murah riah,positive
puas sih suara hilang an kiri,positive
barang ok exp gara diskon ongkir,positive
tingggal coba,positive
sesuai deskripsi harga gin lumayan kualitas nya,positive
barang terima baik,positive
barang bagus sih,positive
lumayan harga gin baterai nya cepat habis headset nya,neutral
suara bagus fungsi baik packingnya aman rapih respon jual cepat kirim cepat,positive
biar bintang gambar bicara is the best,positive
belah kiri rusak tidak karna buka minggu,neutral
mantap sih baterai tahan cas cepat suara tidak putus putus,positive
mantap,positive
sesuai harga,positive
susah sambung sensitif hadap gera bisa mati pause ganti lagu gesek alami kena rambut,neutral
sesuai deskripsi mhantap,positive
mantap harga murah,positive
barang sesuai harga,positive
barang sesuai pesan terima kasih,positive
bagus aman moga awet,positive
jual nya ramah produk nya bagus suara nya ngebass baik,positive
lumayan,positive
suara pas tidak bass mantap tidak delay nice,positive
suara mantap barang aman cepat duga,positive
fungsi baik,positive
yah harga rabu bass nya standar harga segitu game kaya tidak rekomendasi sih delaynya detik,positive
fungsi baik kualitas bagus minus headset belah kana longgar buka,positive
yeaay,positive
barang bagus harga sekian nama anak kirim cepat jual cepat responsif kardus rusak tidak ma,positive
barang sesuai,positive
barang terima sesuai pesan,positive
barang rusak gak bisa cas,negative
mantap,positive
puas banget,positive
sesuai harga salah mati ntah kanan kiri,negative
lumayan,positive
mantap sih harga segitu,positive
harga gin sih udah oke,positive
packing bubble rapi headset udah coba fungsi baik kualitas suara ok bisa fungsi power bank,positive
sesuai harap baik,positive
twsnya bagus kaya review suara hilang detik normal kualitas suara bagus ha,positive
mantap brgnyaa cepat responya terima kasih,positive
mantap,positive
alhamdulillah barang dah fungsi baik,positive
barang mantap fungsi baik,positive
barang sesuai pesan,positive
respon jual bagus pm produk langsung tanggap emas bagus moga awet dipake produk,positive
belum coba fungsi tidak moga fungsi terima kasih mimin,positive
lumayan,positive
bagus barang fungsi baik,positive
barang mudah bawa tidak delay bagus,positive
kirim cepat barang aja pesan buah barang material barang tidak beda bahan dus nya udah penyok penyok,positive
mantap,positive
barang oke nyaman telinga suara cakep,positive
barang nya fungsi baik tidak rusak packing rapih tws nya suara jernih harga segitu pas telinga kalo pake dengerin lagu,positive
nice,positive
terima kasih barang,positive
terima kasih kurir mas agus,positive
mantap,positive
lumayan sih tws kere hore,positive
barang dah yampe sesuwe pesan tokoya amanah kurirya yaramah,positive
ma tap,positive
warna beda pesan pesan warna hitam warna putih,negative
bagus fungsi baik bagus,positive
fungsi baik sayang boros baterai but okay,positive
keren bass ok,positive
kirim fungsi baik,positive
respon cepat terima kasih jual tokopedia kurir,positive
packing oke suara mantap terima kasih jual terima kasih tokopedia,positive
alhamdulillah barang jual kurir ramah banget,positive
terima kasih juragan produk suara mantap,positive
barang bagus sesuai harga belah nya tidak bisa hubung bluetooth jual respon tidak senang niat kasih,negative
mantap,positive
mantap barang nya fungsi real gambar cepat respond,positive
sesuai harga,positive
suara ok kualitas ok emas barang hmmm kerdus rusak penyok soo barang tidak,positive
tws bagus fitur tawar tidak tws harga fitur fiturnya kali ketuk stop pause kali ketuk juragan,positive
barang udah packing bagus barang mulus cas belum coba moga awet,positive
alhamdulillah barang selamat,positive
keren,positive
kotak barang penyok barang ok,positive
barang tida sesuai foto,negative
barang bagus kirim cepat rekomended deh,positive
tampil ok harga segitu kualitas suara muas,positive
kemas rusak tws nya rada nyaman lumayan,neutral
barang aman moga jh awet,positive
respon baik kirim cepat barang tidak bisa komen hilang belum coba,positive
buds kanan tidak nyala rusak pakai udah rusak aja rugi beli,negative
kirim cepat cepat barang keren banget sesuai butuh harga diskon keren pokok senang toko online,positive
belum coba moga fungsi,positive
tidak sesuai ekspektasi bass nya,neutral
cepat kualitas baik,positive
barang bagus cepat,positive
barang bagus fungsi baik kirim cepat,positive
ulas pakai minus nya baterai casingnya tidak awet pas ngecas earbud nya normal kuras daya pas udah nya,positive
mantap,positive
sip,positive
mantap,positive
bagus,positive
belum coba sdg dicharging,positive
alhamdulillah darat aman harga gin bagus barngnya,positive
suara bagus kirim cepat nyata lambat pilih cepat,positive
barang sesuai moga awet,positive
kirim cepat suara sesuai harga,positive
nyaman pakai,positive
so bagus moga awet,positive
fitur fungsi baik tahan baterai lumayan harga kisar gin gores tipis pintar display,positive
packing aman cepat barang kualitas bagus,positive
barang bagus sesuai,positive
barang aman tws kerja baik suara bass tws asa enak dengar cocok harga murah,positive
suka mati,negative
nuhun,positive
cepat barang ok gaada kendala,positive
packing aman rapi tws fungsi baik suara bagus moga awet,positive
barang terima kasih,positive
bagus baterai tahan sesuai harga,positive
bagus barang terima kasih,positive
tws belah kiri tidak bunyi,neutral
mantap kadang hubung belah doang hahaha,positive
packing aman coba charge pakai aman moga awet terima kasih jual tokopedia,positive
ok fungsi baik,positive
suara enak telinga,positive
jual,positive
bagus banget,positive
barang sesuai harga murah kualisas mantap,positive
lumayan harga gin bass nya kedengeran mantap,positive
murah riah jossss,positive
selamat fungsi baik terima kasih,positive
barang selamat puas warna kuningg kuramg suka warna cerah hehe,positive
headset belah kiri tidak fungsi,negative
barang sesuai pesan pas udah posisi on,positive
packing aman kirim cepat coba fungsi,positive
pakai awet,positive
fungsi baik minus kabel aja pendek,positive
aman,positive
barang mantap sesuai gambar liat langsung beli barang oke,positive
sesuai harga fungsi baik battery cepat habis,positive
keren suara bagus,positive
mantap barang murah riah barang jossss tidak kecewa,positive
respon cepat produk sesuai deskripsi,positive
earphonenya enak pake praktis baterai full bisa kuat jam gantung suara volume,positive
headset nya bagus baterai awet kiri cepat abis menit banding kanan,positive
sesuai pesan fungsi baik,positive
sesuai harga,positive
nama kere hore lumayan ok tidak koneksi ntar hubung kadang mati separoh kadang delay,positive
barang bagus sesuai gambar,positive
bom minggu tidak bisa si charge belah,negative
mantull,positive
barang cepat sesuai pes terima kasih juragan,positive
harga jangkau suara oke tidak cacat fungsi normal terima kasih jual,positive
mantap,positive
barang fungsi baik,neutral
lumayan harga segitu,positive
fungsi baik,positive
beli kali kirim nya cepat langsung,positive
bagus headsetnya bau tau bau murah,positive
terima kasih admin,positive
pakai review baterai lumayan awet jam an,positive
belah kiri tidak fungsi charge tidak bisa solusi kaka jual nya,negative
produk sesuai deskripsi gambar,positive
suara bagus beli keponakan beli sayang beli earphonenya tidak fungsi bisa ngecash lepas cash langsung,positive
lumayan awet kadang trouble headset belah kanan salah kaya kresek kresek trus kadang disconect trus nyambung,neutral
barang sesuai spesifikasi kadang suara putus on nyala,positive
barang sesuai disp pakai putar musik jam suara ok stereo imbang vokal treble bas ok kiri kanan lihat,positive
headset belah baterai lowbet cepat abis,neutral
barang original sesuai harga,positive
barang ok fungsi baik terima kasih,positive
nyaman pakai suara jernih koneksi bluetooth kuat,positive
charger nya susah pakai kabel rusak bingung nge charge nya deskripsi nya,negative
baterai awet suara baik,positive
bagus moga awet,positive
barang bagus,positive
lumayan,positive
bagus ngebass barang nya awet,positive
harga ribu best powerbank nya terusterang beli review nya david gadgetin telpon zoom sik oke quick process jual pinzy,positive
bagus bagus cuman penyok tidak kirim,positive
paket sesuai pesan moga awet terima kasih,positive
warna nya tidak sesuai,neutral
bagus mantap,positive
tidak bad sesuai harga,positive
bagus murah highly,positive
bahan hitam doff bukan bahan kilat gambar ukur standar telinga,neutral
belah kiri rusak,negative
belum coba produk mudah an bagus awet,positive
aman packingnya,positive
bagus sesuai harga rusak nyata ngedrop gak bikin kecewa gak kasih foto salah upload,positive
barang kirim baik cepat kualitas jelek sesuai harga belah kadang tidak ngecas pas taruh otomatis nyambung ponsel,positive
harga the harga and quality tidak bad low budget,positive
bagus barang nya suara mantaaappp,positive
barang original,positive
barang oke,positive
slot charger eror gagal charge tekan kuningan charger suara oke kualitas sesuai harga,negative
abisssss,positive
suara jernih bagus,positive
barang bagus,positive
sesuai order,positive
tidak kendala minggu tidak bisa cas led mati mati total beli belum aja,neutral
mantap,positive
rada jelek,positive
mantap barang foto asli,positive
barang sesuai deskripsi packing aman harga sesuai,positive
packingnya aman kirim lumayan cepat tws nya fungsi baik,positive
sesuai pesan fungsi baik barang cepat terima kasih,positive
bass mntep makasih jual,positive
barang cepat packing rapi kualitas ok sesuai harga,positive
barang oke kirim cepat packing rapi,positive
packing rapi aman dah suara ngebass bagus,positive
mantap,positive
jual ok barang ok kurir ok,positive
oke harga segitu,positive
barang aman packing rapi aman fitur fungsi baik terima kasih,positive
belum dipake moga awet tahan,positive
mantap deh sesuai harga tidak kecewa bass nya ok,positive
yah lumayan harga murah kualitas harap kualitas sesuai harga foto banding harga harap lbih kalo,positive
kardus nya penyok untung barang nya aman moga awet,positive
barang rusak,neutral
emas nya rapi barang selamat suka,positive
mantap,positive
bagus,positive
mantap min barang selamat,positive
mantap produk fungsi baik suara enak telinga,positive
kualitas barang ok,positive
bagus,positive
suara bagus harga ok,positive
kualitas suara lumayan bagus harga segitu kualitas charging bungkus boros pakai charging tws nya udah habis tws nya tahan,positive
kualitas suara tidak bagus kualitas plastik jelek tidak tampil iklan,negative
kualitas suara ok kayak tidak brsa tws harga cuman syg pesan nya piece piece,positive
mantap,positive
nyaman pakai suara hasil ok,positive
barang original suara merdu jamin kualitas mantap,positive
packingnya rapi banget barang oke,positive
fungsi baik alternatif hs milik bosen hs,positive
harga kualitas gak bisa protes harga gin ok,positive
kanan kiri bisa langsung nyambung hapus sanding dikonekin bisa nyambung,negative
sakit make ubah bisa nyala sebentar doang langsung mati headset nya kocak,negative
mantap,positive
bagus sih tidak bisa nyala cas,positive
puas proses cepat,positive
mas awet,positive
barang muas nyaman pakenya mantap suara praktis jual packing rapih kirim cepat,positive
nyala belah nj kualitas suara ok kirim bet maklum harga segitu,negative
pesan sesuai deskripsi suara bagus harga,positive
barang original suara jernih nyaman pakai garansi resmi koneksi bluetooth kuat desain modern material premium baterai tahan noise cancellat,positive
sesuai fungsi baik,positive
kabel chargernya lepuh pas cas bentuk tidak sesuai telinga indonesia,neutral
kirim cepat jual responsif packing rapih very recomended jual gbu,positive
barang bagus,positive
lumayan sesuai harga terima kasih jual,positive
tidak baca ponsel laptop,negative
nyala nya bagus salah kaya powerbank bukan deskripsi powerbank,positive
maaf tidak bisa kasih bintang karna minus nya lumayan karna orang nya tidak tega kasih keluh ambil barang sen,positive
barang terima sesuai pesan kondisi oke fungsi baik terima kasih,positive
mantap real gambar,positive
barang terima kondisi fungsi baik kualitas suara sesuai harga,positive
mantapppppp,positive
ok,positive
sesuai pesan jual cepat packing rapi,positive
barang nya baik maaf juragan bisa kasih bintang,positive
sesuai harga,positive
puas barang sesuai,positive
barang sesuai pesan,positive
pake kagok belum suara oke bas oke desain oke oke siiiipp,positive
barang nya bagus suara nya merdu,positive
bagus koneksi cepat battery awet,positive
bagus bass,positive
respon cepat kirim cepat barang sesuai bagus jual all,positive
sesuai pesan packinag aman kirim cepat lom coba terima kasih,positive
oke,positive
bagus sih android cuman nyata ipohone disconect,positive
alhamdulillah barang fungsi baik terima kasih min,positive
ok laah,positive
kualitas baik sesuai harga kirim cepat moga bisa awet,positive
harga jangkau value uang jual ramah proses pesan cepat,positive
hidup belah,negative
bagus aja belum tau umur brapa,positive
tidak bisa nyala cuman doang nge charge tidak bisa dipake,negative
fungsi baik,positive
kualitas suara kalah pakai kabel harga ribu pakai audio low freq bass tidak dengar te,neutral
beli hendset tidak headsetnya charger aja maaf tidak foto video udah senang duluan,negative
sesuai pesan fungsi baik moga awet,positive
biar bintang bicara,positive
barang original,positive
kualitas suara bagus,neutral
mantap aman percaya,positive
baguuuussss,positive
pesan tidak sesuai jual tidak balas chatnya,negative
produk sesuai fungsi normal was salah boxnya penyok jual cepat respon kirim cepat,positive
beli toko rusak chat tele batas komplain tidak bisa tukar barang sempurna barang refu,negative
produk kerja baik kirim sesuai estimasi murah abis buds kiri magnet ganjal pas ngecharge,positive
mantap,positive
barang bekas pakai buka kemas penyok isi nya aneh pas pakai kadang mati bluetooth nya barang nya,negative
barang nya fungsi baik sesuai harga packingnya kotak nya penyok untung aja isi aman baik layan,positive
cepat respon,positive
mantap,positive
bagus barang suka buku pandu lengkap how to use that,positive
moga fungsi,positive
respon cepat,positive
layan ok barang bassnya alias jelek,positive
mantap sesuai pesan,positive
bagus sesuai pesan suara bass nya nendang,positive
tidak fungsi,negative
barang nya bagus bangeeeet ekspektasi real gambar cepat suara desain kece murah favorit sih,positive
kirim cepat bintang kejora packingnya budsnya harga gin udah oke tahan baterai jelek dikit charge,positive
aman fungsi baik sesuai ekspektasi,positive
barang original,positive
fungsi keren puas,positive
model beda fungsi baik,positive
barang terima fungsi,positive
telinga kiri kok gak bisa bunyi,positive
produk kualitas harga jangkau moga awet,positive
emas aman barang ok sesuai gambar etalase,positive
pesan coba normal moga awet terima kasih,positive
mantap cepat kirim,positive
bagus kiri mati mati besok nya tidak kejut sih nama produk,positive
kirim ok sayang kualitas tidak sesuai headset belah kiri tidak bisa on mati charger nya tidak hidup angkat headset,negative
barang belum nya salah kirim,negative
alhamdulillah paket tuju ku malam rupa tidak packing nya bagus rapih barang aman kirim sesuai ku suara,positive
sesuai deskripsi barang bagus murah tidak murah cocok ponsel redmi,positive
cepat smpainya terima kasih selamat belum coba mudh an awet,positive
barang bagus,positive
barang kirim tidak sesuai pesan suara lambat belah koplen toko tidak bisa alas tidak video unboxing,negative
cepat respon kurir ok lapak ramah kualitas lumayan power bank hedsetnya baterai pakai cepat habis,positive
hmm yaudahlah,positive
lumayan,positive
mantap harga segitu puas,positive
coba ok lumayan moga awet,positive
bagus,positive
barang bagus sesuai pesan awet barang nya sukses berkah sellernya,positive
barang fungsi baik moga langgeng,positive
mantap jiwa mantap,positive
mantap fungsi baik,positive
pesan terima baik sesuai jadwal terima order,positive
barang kirim nya cepat produk sesuai so so bagus,positive
mantap kirim cepat cepat estimasi,positive
muas,positive
barang bagus murah moga awet,positive
belah kiri mati tidak fungsi,negative
ekspektasi quality lihat murah baterai lumayan awet kabel charger pendek tidak bisa lepas sulit cas,positive
barang sesuai gambar kirim cepat moga awet,positive
keren sih,positive
bagus harga harga ribu,positive
barang darat aman harga segitu bagus,positive
barang sesuai gambar deskripsi packing bungkus bubble wrap isi paket baik langsung tes puas,positive
terima kasih fungsi baik kasih bintang,positive
fungsi kanan pas kiri buka nyata putus baterai cepat habis,negative
yey fungsi mudah an awwet,positive
alhamdulillah bisa bismillah moga awettt terima kasih selleerr,positive
barang aman all mantap,positive
kirim barang tidak bisa nyala udah jam cas tidak tanda hidup terima kasih sis sukses,negative
packing aman rapih cepat fungsi,positive
respon jual cepat baik barang bagus packing bagus kirim cepat,positive
pakai tws nya jam,positive
kirim cept normal,positive
value uang,positive
packing nya lumayan tipis ukur headset kualitas tara harga mantap dah,positive
trimks,positive
barang fungsi baik,positive
order terima baik sesuai deskripsi fungsi baik trmksh,positive
mantap barang bagus,positive
mantap sisi input bagus,positive
mantap tidak kecewa beli cepat,positive
bagus ko ok,positive
durung cacak menawe muantep baee suarane,positive
barang gue tidak baca tunggu investigasi kurir langgan tidak tindak proses komplain,negative
packing penyok kualitas aman suara aman barang bagus,positive
harga gin tws ekspektasi moga awet,positive
barang sesuai spesifikasi kirim cepat compalin dikit suara putus da halang tembok rumah bangun ponsel tidak pegang bawa jarak,positive
terima kasih,positive
kemas bagus kirim cepat respon layan baik kualitas barang cacat rusa bukan jatuh,neutral
barang bagus packing aman kirim cepat moga sukses,positive
harga promo kualitas suara bagus model plug isolasi suara baik,positive
packing aman emas cepat pesan kirim balas chat cepat recomended barang bagus suara lumayan bagus,positive
terima kasih mantap,positive
barang terima baik tidak cacat sesuai harap terima kasih,positive
aman suara enak buka tidak sangka barang,positive
bagus tidak jeda tahan,positive
produk terima baik fungsi sempurna produk terima segel plastik salah earpiece nya tidak fungsi,positive
cenderung jarak dengar doang kadang ndut an suara hilang,negative
working normally on ios device,positive
charge nya pakai min bagus,neutral
kirim cepat cepat respon ramah kualitas bagus,positive
barang bagus fungsi pas telinga,positive
harga produk nya sesuai suara bagus lumayan mudah bawa respon jual cepat,positive
keren,positive
siiipp barang fungsi baik,positive
kirim relatif cepat barang baik fungsi,positive
pesan oke fungsi bagus packing rapi aman barang oke sukses,positive
barang sesuai pesan,positive
puas,positive
paket dah paket lengkap sesuai mudah mudah fungsi baik terima kasih,positive
awet tidak nyesal beli,positive
barang selamat fungsi baik suara mantap harga murah terima kasih,positive
value the uang tetep tidak sangka harga segitu baik quality,positive
mantap barang rekomendasi yutub suara enak bassy treble garing vocalnya basah quality ringkih finishing solid parah,positive
beli tws inspirasi sobathape bagus sih barang,positive
terima kasih,positive
barang pesan terima baik aman tws fungsi baik tahan baterai baik kondisi pakai jam teng,positive
terima kasih barang terima bentuk headset bagus koneksi mudah suara nyaman fungsi sukses,positive
barang nya bagus fungsi baik terima kasih amanah percaya,positive
koneksi headset ponsel bt bisa dijoinkan kalo pakai nya kualitas suara lumayan,positive
lumayan tidak too impressed,positive
suara mantap tws kirim cepat dus tidak mulus ok barang aman selamat tuju,positive
fitur fungsi baik,positive
mantap,positive
okesih murah seri sen,positive
keren abis suara mantap,positive
barang bagus bungkus rapi terima kustomer baik tidak cacat,positive
terima kasih barang moga fungsi baik belum coba coba charge,positive
coba moga bagus,positive
packing penyok tidak fungsi baik harga diskon aja,positive
mantap,positive
beyond expectations,positive
so ok charge bisa suara ok sesuai harga moga tahan baterai nya tidak gampang drop,positive
tidak bad moga awet,positive
kirim cepat barang ok nya fungsi baik,positive
sesuai pesan kualitas suara sesuai harga hemat baterai jam pakai normal kemas aman kurir ramah,positive
barang mantap parah suara keras volume,positive
mantap,positive
bagus awet tidak nyesal beli,positive
packingnya rapih barang utuh,positive
kualitas suara aja koneksi bluetooth tidak cakup jarak,neutral
lumayan sesuai harga fungsi baik nuhun,positive
cepat respon spesifikasi kardus sih udah bluetooth sesuai spesifikasi,positive
kirim cepat barang terima dlm kondisi baik coba suara bersih suara bass nya tidak coba suara dolby atmos lihat beda,positive
kirim barang ok,positive
mantap fungsi harga kualitas,positive
terima kasih mantap order,positive
ok barang dah terima aman mantaaaaaapppp terima kasih,positive
so so bagus,positive
